object_type,n,k,trial,instance_seed,r,rho,hidden_line_count,approx_lines,exact_lines,line_count_ratio,exact_match,approx_runtime_seconds,exact_runtime_seconds,candidate_lines,graph_nodes,graph_edges,exact_candidates,exact_combinations_checked,maximum_realised_distance
point,6,2,0,1858343886,1.5,nan,2,2,2,1.0,True,7.158308289945126e-05,0.00010016700252890587,6,6,5,14,44,1.1983937244349079
point,6,2,1,88567952,1.5,nan,2,2,2,1.0,True,5.716702435165644e-05,9.437499102205038e-05,8,8,6,13,84,1.2183714527165517
point,6,2,2,38487837,1.5,nan,2,3,2,1.5,False,5.470809992402792e-05,9.258405771106482e-05,7,7,5,13,89,1.0658228448553668
point,6,2,3,376155260,1.5,nan,2,2,2,1.0,True,4.216702654957771e-05,8.570810314267874e-05,4,4,3,18,23,1.451944259602195
point,6,2,4,1126509584,1.5,nan,2,2,2,1.0,True,4.870793782174587e-05,9.27080400288105e-05,7,7,6,14,67,1.2398254089328145
point,6,2,5,521231643,1.5,nan,2,2,2,1.0,True,4.833401180803776e-05,9.529106318950653e-05,7,7,5,16,76,1.3399263847215703
point,6,2,6,134167488,1.5,nan,2,2,2,1.0,True,4.2291940189898014e-05,9.612494613975286e-05,5,5,4,16,50,1.247444436873952
point,6,2,7,1002965607,1.5,nan,2,2,2,1.0,True,4.812504630535841e-05,9.191606659442186e-05,5,5,4,14,46,0.4749141743845704
point,6,2,8,2010061541,1.5,nan,2,3,2,1.5,False,4.39169816672802e-05,8.816702757030725e-05,6,6,5,15,46,1.3813219739677525
point,6,2,9,2070446806,1.5,nan,2,3,2,1.5,False,4.8208050429821014e-05,9.483296889811754e-05,7,7,6,15,89,1.4391884947411508
point,6,2,10,801501768,1.5,nan,2,3,2,1.5,False,4.812504630535841e-05,9.154202416539192e-05,7,7,6,14,98,1.4942617522647943
point,6,2,11,373378734,1.5,nan,2,3,2,1.5,False,4.325003828853369e-05,8.775002788752317e-05,8,8,5,13,41,1.2700465371068361
point,6,2,12,2084129078,1.5,nan,2,3,2,1.5,False,4.329101648181677e-05,8.750008419156075e-05,8,8,6,15,47,1.392525334993021
point,6,2,13,1716299147,1.5,nan,2,3,2,1.5,False,5.24159986525774e-05,9.37500735744834e-05,9,9,6,15,103,1.4875809668760915
point,6,2,14,1515955831,1.5,nan,2,3,2,1.5,False,4.75830165669322e-05,9.724998380988836e-05,7,7,5,18,62,1.3650053929561707
point,6,3,0,638143507,1.5,nan,3,4,3,1.3333333333333333,False,5.16669824719429e-05,0.00010312499944120646,9,9,5,13,116,1.400215130790718
point,6,3,1,2055108551,1.5,nan,3,3,3,1.0,True,4.433305002748966e-05,0.00010300008580088615,6,6,5,15,149,0.9081710735965256
point,6,3,2,1775715078,1.5,nan,3,3,3,1.0,True,4.650000482797623e-05,0.00010812492109835148,6,6,5,13,153,1.02449116647119
point,6,3,3,1661946540,1.5,nan,3,4,2,2.0,False,4.700000863522291e-05,9.058311115950346e-05,9,9,6,13,30,1.3786107514114647
point,6,3,4,1897221447,1.5,nan,3,3,2,1.5,False,5.058303941041231e-05,9.720795787870884e-05,8,8,6,15,70,1.3302774083113942
point,6,3,5,863952363,1.5,nan,3,4,3,1.3333333333333333,False,4.6666013076901436e-05,0.00012454099487513304,8,8,6,12,285,1.337314219136923
point,6,3,6,1406207896,1.5,nan,3,5,3,1.6666666666666667,False,7.42500415071845e-05,0.00010549998842179775,10,10,6,12,145,1.37036979653488
point,6,3,7,2083301079,1.5,nan,3,3,2,1.5,False,6.687501445412636e-05,0.0001082499511539936,7,7,6,15,109,0.6415305722509999
point,6,3,8,2092592536,1.5,nan,3,4,3,1.3333333333333333,False,5.137501284480095e-05,0.00011362507939338684,9,9,6,13,170,0.49479011512352145
point,6,3,9,1592608717,1.5,nan,3,5,3,1.6666666666666667,False,5.1166978664696217e-05,0.00013929198030382395,10,10,6,10,128,1.4776788349526804
point,6,3,10,848729175,1.5,nan,3,3,2,1.5,False,5.6333024986088276e-05,9.80000477284193e-05,7,7,4,13,41,0.9788300911738954
point,6,3,11,2006233925,1.5,nan,3,3,2,1.5,False,5.5875047110021114e-05,9.941693861037493e-05,7,7,5,13,68,1.4699724897125073
point,6,3,12,650188121,1.5,nan,3,3,3,1.0,True,4.8708985559642315e-05,0.00010449998080730438,8,8,6,14,132,1.204842177774978
point,6,3,13,801421378,1.5,nan,3,3,2,1.5,False,4.904100205749273e-05,0.00010008399840444326,6,6,6,15,108,1.2303756763171645
point,6,3,14,1965786800,1.5,nan,3,3,2,1.5,False,5.191704258322716e-05,9.816698729991913e-05,8,8,5,13,88,0.9895986402922325
point,8,2,0,570991705,1.5,nan,2,4,2,2.0,False,5.7999975979328156e-05,0.00012795894872397184,9,9,8,22,128,1.3213686228808275
point,8,2,1,899429257,1.5,nan,2,3,2,1.5,False,6.312504410743713e-05,0.00013895903248339891,8,8,7,25,286,1.3367044362063423
point,8,2,2,1749362805,1.5,nan,2,2,1,2.0,False,4.9208058044314384e-05,0.0001117080682888627,8,8,7,25,8,1.2799630226288432
point,8,2,3,1976810822,1.5,nan,2,2,2,1.0,True,5.483301356434822e-05,0.00012966699432581663,10,10,8,23,180,1.4919723315408504
point,8,2,4,1266176593,1.5,nan,2,3,2,1.5,False,5.162495654076338e-05,0.0001307500060647726,8,8,7,24,173,1.475170711842516
point,8,2,5,240641964,1.5,nan,2,3,2,1.5,False,4.833401180803776e-05,0.00011975003872066736,8,8,6,22,107,1.4479419847047668
point,8,2,6,1404192401,1.5,nan,2,2,2,1.0,True,4.7915964387357235e-05,0.00010862504132091999,8,8,7,21,47,1.4228248717894552
point,8,2,7,525036721,1.5,nan,2,2,2,1.0,True,4.924996756017208e-05,0.00012016703840345144,8,8,6,23,152,1.4595836472086035
point,8,2,8,1737200687,1.5,nan,2,3,2,1.5,False,4.454201553016901e-05,0.00011283298954367638,7,7,5,24,86,1.129200329495692
point,8,2,9,753682056,1.5,nan,2,3,2,1.5,False,5.508295726031065e-05,0.00012262503150850534,8,8,7,21,208,1.4269250255326114
point,8,2,10,1698113807,1.5,nan,2,2,2,1.0,True,4.591606557369232e-05,0.00012516591232270002,8,8,7,25,56,1.4610309805374908
point,8,2,11,1111797501,1.5,nan,2,2,1,2.0,False,0.0001166659640148282,0.0001558329677209258,7,7,6,27,20,1.3698908799940348
point,8,2,12,676025120,1.5,nan,2,4,2,2.0,False,6.079103332012892e-05,0.00012816698290407658,10,10,8,22,230,1.4636256457311587
point,8,2,13,1859887161,1.5,nan,2,2,2,1.0,True,4.64579788967967e-05,0.00011641706805676222,6,6,6,26,105,1.3681702094616508
point,8,2,14,394295205,1.5,nan,2,3,2,1.5,False,4.5584049075841904e-05,0.0003149170661345124,7,7,7,25,101,1.2657722074867706
point,8,3,0,39318410,1.5,nan,3,3,2,1.5,False,6.262492388486862e-05,0.00012037495616823435,8,8,6,21,65,1.172742195817829
point,8,3,1,443240547,1.5,nan,3,4,3,1.3333333333333333,False,5.566701292991638e-05,0.00025045895017683506,9,9,8,21,684,1.4434682332863904
point,8,3,2,562771007,1.5,nan,3,4,3,1.3333333333333333,False,5.695794243365526e-05,0.00024066702462732792,10,10,8,19,1154,1.38014625243739
point,8,3,3,1789021555,1.5,nan,3,3,3,1.0,True,5.587493069469929e-05,0.00019175000488758087,9,9,7,23,791,1.4370194833412286
point,8,3,4,1392762751,1.5,nan,3,4,3,1.3333333333333333,False,6.13329466432333e-05,0.0001586669823154807,10,10,8,22,522,1.2223019963274613
point,8,3,5,1037554878,1.5,nan,3,3,3,1.0,True,5.304196383804083e-05,0.00018808396998792887,9,9,7,22,753,1.261343828492963
point,8,3,6,354724612,1.5,nan,3,5,3,1.6666666666666667,False,6.487499922513962e-05,0.0002092089271172881,11,11,8,19,928,1.420055903406504
point,8,3,7,1699062428,1.5,nan,3,4,3,1.3333333333333333,False,5.491694901138544e-05,0.00018741702660918236,10,10,8,21,723,1.3556039695044806
point,8,3,8,1778233475,1.5,nan,3,3,2,1.5,False,4.900002386420965e-05,0.00012591690756380558,7,7,7,24,116,1.4382813913969859
point,8,3,9,1843659332,1.5,nan,3,4,2,2.0,False,5.737494211643934e-05,0.00012891599908471107,10,10,8,24,140,1.4642207143640977
point,8,3,10,153456944,1.5,nan,3,2,1,2.0,False,4.766706842929125e-05,0.00011270900722593069,6,6,5,24,8,1.1282222626234404
point,8,3,11,1868480189,1.5,nan,3,3,2,1.5,False,5.620904266834259e-05,0.000130208907648921,8,8,7,22,182,1.2025375415813055
point,8,3,12,1083972376,1.5,nan,3,3,3,1.0,True,6.262504030019045e-05,0.00033291708678007126,8,8,8,23,783,1.4025749021132583
point,8,3,13,82299049,1.5,nan,3,3,3,1.0,True,5.9666112065315247e-05,0.00014858308713883162,9,9,8,23,341,1.3094930606727928
point,8,3,14,318339434,1.5,nan,3,4,3,1.3333333333333333,False,5.9833982959389687e-05,0.000202000024728477,9,9,8,23,775,1.4749259290953365
point,10,2,0,840177581,1.5,nan,2,4,2,2.0,False,5.849997978657484e-05,0.000156833091750741,11,11,10,26,129,1.4082181407780503
point,10,2,1,1697939399,1.5,nan,2,4,2,2.0,False,6.237498018890619e-05,0.000153415952809155,8,8,7,31,154,1.3256340947478895
point,10,2,2,1033555365,1.5,nan,2,3,2,1.5,False,5.6999968364834785e-05,0.00016675004735589027,9,9,7,30,269,1.4330279201766318
point,10,2,3,1908487005,1.5,nan,2,3,2,1.5,False,5.037500523030758e-05,0.0001557499635964632,6,6,6,33,172,1.2842658577728638
point,10,2,4,387546532,1.5,nan,2,2,2,1.0,True,5.037500523030758e-05,0.00016883306670933962,6,6,6,31,316,1.34674225626269
point,10,2,5,291067996,1.5,nan,2,3,2,1.5,False,5.012506153434515e-05,0.00014829193241894245,8,8,9,30,149,1.3895175113165177
point,10,2,6,1199078379,1.5,nan,2,3,2,1.5,False,5.7124998420476913e-05,0.00016091694124042988,9,9,9,31,238,0.9726051034617225
point,10,2,7,88750563,1.5,nan,2,2,2,1.0,True,5.508295726031065e-05,0.00015524995978921652,8,8,7,34,182,1.2162185652146817
point,10,2,8,1482499131,1.5,nan,2,3,2,1.5,False,5.1875016652047634e-05,0.00014887505676597357,7,7,6,29,143,1.1463025802071343
point,10,2,9,751635043,1.5,nan,2,3,2,1.5,False,5.650008097290993e-05,0.00014995899982750416,9,9,8,30,149,1.4837987623906468
point,10,2,10,2034523235,1.5,nan,2,3,2,1.5,False,4.962494131177664e-05,0.00019770790822803974,7,7,6,32,101,1.181937918821089
point,10,2,11,1131090244,1.5,nan,2,2,2,1.0,True,4.62500611320138e-05,0.00012858398258686066,8,8,6,27,138,1.4741667089477648
point,10,2,12,1110461013,1.5,nan,2,3,2,1.5,False,4.725006874650717e-05,0.0001425000373274088,9,9,7,30,291,1.4252754029122698
point,10,2,13,127426207,1.5,nan,2,2,2,1.0,True,4.900002386420965e-05,0.00013449997641146183,8,8,7,34,180,1.448781262301864
point,10,2,14,1307255539,1.5,nan,2,4,2,2.0,False,5.720905028283596e-05,0.0001525420229882002,10,10,8,30,395,1.2250703231264062
point,10,3,0,340360239,1.5,nan,3,3,2,1.5,False,5.41249755769968e-05,0.00013191706966608763,9,9,9,28,148,1.2217380621273968
point,10,3,1,547286993,1.5,nan,3,4,3,1.3333333333333333,False,4.9791065976023674e-05,0.0002999169519171119,10,10,8,27,1639,1.4198773125298807
point,10,3,2,1266196622,1.5,nan,3,4,2,2.0,False,5.124998278915882e-05,0.00013712502550333738,9,9,8,32,221,1.4977330857821975
point,10,3,3,1276518931,1.5,nan,3,3,2,1.5,False,4.900002386420965e-05,0.000134957954287529,8,8,7,31,192,1.369503865099424
point,10,3,4,2042951959,1.5,nan,3,2,2,1.0,True,4.3625012040138245e-05,0.0001234590308740735,8,8,7,31,99,1.261138303150838
point,10,3,5,333730680,1.5,nan,3,3,3,1.0,True,5.154102109372616e-05,0.00029420899227261543,8,8,7,32,1573,1.3382350579545434
point,10,3,6,1655390580,1.5,nan,3,3,3,1.0,True,4.3708947487175465e-05,0.00021208298858255148,9,9,8,30,956,1.2292173767892915
point,10,3,7,2006394146,1.5,nan,3,3,2,1.5,False,4.51250234618783e-05,0.0001265000319108367,8,8,7,33,135,1.471929255382312
point,10,3,8,20291933,1.5,nan,3,5,3,1.6666666666666667,False,5.1958952099084854e-05,0.0002462920965626836,11,11,9,28,1198,1.27815347967908
point,10,3,9,467738231,1.5,nan,3,3,2,1.5,False,4.612491466104984e-05,0.00012983300257474184,10,10,9,31,180,1.4897748667563047
point,10,3,10,1674097168,1.5,nan,3,4,3,1.3333333333333333,False,4.458299372345209e-05,0.0002805410185828805,9,9,9,28,1473,1.4886750322789482
point,10,3,11,1162222139,1.5,nan,3,4,3,1.3333333333333333,False,5.3333002142608166e-05,0.0003392919898033142,11,11,10,29,2035,1.4491895885199728
point,10,3,12,551646699,1.5,nan,3,4,3,1.3333333333333333,False,4.6208035200834274e-05,0.00022020796313881874,10,10,9,27,820,1.3214772111639892
point,10,3,13,182592079,1.5,nan,3,4,3,1.3333333333333333,False,6.441702134907246e-05,0.00037450005766004324,11,11,10,27,1635,1.4930093726834661
point,10,3,14,372730844,1.5,nan,3,4,3,1.3333333333333333,False,7.045792881399393e-05,0.0004070419818162918,10,10,10,28,1895,1.0799636400659445
disk,6,2,0,1891951899,1.5,0.8,2,3,2,1.5,False,6.258301436901093e-05,0.0001022910000756383,7,7,5,17,38,0.911263851823042
disk,6,2,1,1876081609,1.5,0.8,2,2,2,1.0,True,5.64999645575881e-05,0.00010366598144173622,5,5,4,14,23,1.3009605078906616
disk,6,2,2,1803059730,1.5,0.8,2,2,2,1.0,True,5.3208088502287865e-05,0.00010358297731727362,5,5,4,16,42,1.0595136994156482
disk,6,2,3,653908330,1.5,0.8,2,2,2,1.0,True,5.920801777392626e-05,0.00010729103814810514,7,7,6,15,80,1.3370287246403707
disk,6,2,4,2052231052,1.5,0.8,2,2,2,1.0,True,5.837494973093271e-05,0.00010437506716698408,6,6,4,16,56,1.2915628250217057
disk,6,2,5,1206495739,1.5,0.8,2,2,2,1.0,True,5.1166978664696217e-05,0.00010379205923527479,5,5,4,16,42,1.2713506487826887
disk,6,2,6,328173148,1.5,0.8,2,2,2,1.0,True,5.53749268874526e-05,0.00010183395352214575,5,5,4,19,42,1.1578347094060584
disk,6,2,7,522493129,1.5,0.8,2,2,2,1.0,True,5.504104774445295e-05,0.00010866706725209951,5,5,4,17,95,0.5595371626016614
disk,6,2,8,1325036995,1.5,0.8,2,2,2,1.0,True,5.879101809114218e-05,0.00010233407374471426,7,7,5,15,38,1.2236692906879483
disk,6,2,9,30318306,1.5,0.8,2,2,2,1.0,True,6.358290556818247e-05,0.00010220799595117569,5,5,4,18,31,1.0517676065320767
disk,6,2,10,1893979360,1.5,0.8,2,3,2,1.5,False,5.316606257110834e-05,0.00010100007057189941,6,6,6,17,52,1.2063129010208555
disk,6,2,11,115431103,1.5,0.8,2,2,2,1.0,True,5.337502807378769e-05,0.00010220799595117569,5,5,4,16,50,1.0222922307012439
disk,6,2,12,903758721,1.5,0.8,2,4,2,2.0,False,6.324995774775743e-05,0.00010599999222904444,8,8,6,11,60,1.2802530799341898
disk,6,2,13,476983336,1.5,0.8,2,2,2,1.0,True,6.454100366681814e-05,0.00010141695383936167,6,6,4,16,36,0.2678520027924154
disk,6,2,14,4614572,1.5,0.8,2,2,2,1.0,True,0.00011537503451108932,0.00012750003952533007,7,7,6,16,119,0.7791870278012591
disk,6,3,0,1989670718,1.5,0.8,3,3,2,1.5,False,5.608296487480402e-05,8.650007657706738e-05,7,7,6,16,67,1.0298704385457709
disk,6,3,1,492346385,1.5,0.8,3,2,2,1.0,True,4.412501584738493e-05,8.237501606345177e-05,5,5,5,18,56,1.1020855564133425
disk,6,3,2,1281054193,1.5,0.8,3,3,2,1.5,False,4.254200030118227e-05,0.00015412503853440285,6,6,4,18,46,1.142017412133019
disk,6,3,3,1193839063,1.5,0.8,3,3,2,1.5,False,5.312496796250343e-05,0.0002472499618306756,7,7,5,18,40,1.4251339262590992
disk,6,3,4,1828658646,1.5,0.8,3,3,3,1.0,True,5.1625072956085205e-05,0.0001159169478341937,7,7,5,12,149,1.0195123026545534
disk,6,3,5,1431779142,1.5,0.8,3,4,2,2.0,False,4.9208989366889e-05,8.858402725309134e-05,8,8,5,15,114,0.8648389084404762
disk,6,3,6,288700620,1.5,0.8,3,3,2,1.5,False,4.9625057727098465e-05,0.00017083296552300453,7,7,6,15,113,1.283949196082743
disk,6,3,7,566881468,1.5,0.8,3,2,2,1.0,True,5.595805123448372e-05,8.979195263236761e-05,5,5,5,18,71,1.362518587355633
disk,6,3,8,1924882459,1.5,0.8,3,3,2,1.5,False,5.2458024583756924e-05,8.358305785804987e-05,7,7,5,17,67,1.2467626883226923
disk,6,3,9,1979874533,1.5,0.8,3,3,2,1.5,False,4.2750034481287e-05,0.00010208296589553356,7,7,5,14,43,1.2670670231956478
disk,6,3,10,74246941,1.5,0.8,3,2,2,1.0,True,4.2500090785324574e-05,7.950002327561378e-05,6,6,5,16,50,1.225617943462949
disk,6,3,11,1500181991,1.5,0.8,3,3,2,1.5,False,4.2499974370002747e-05,8.558400440961123e-05,6,6,5,14,82,1.4335566341080443
disk,6,3,12,1429022537,1.5,0.8,3,3,3,1.0,True,5.0709000788629055e-05,0.00010183302219957113,7,7,6,15,249,1.182730801839653
disk,6,3,13,1632492277,1.5,0.8,3,3,3,1.0,True,4.3332925997674465e-05,0.00010208401363343,6,6,6,14,270,1.4146545284494383
disk,6,3,14,2011968730,1.5,0.8,3,2,2,1.0,True,4.4625019654631615e-05,8.720799814909697e-05,6,6,5,16,129,0.0
disk,8,2,0,1268749147,1.5,0.8,2,4,2,2.0,False,4.937499761581421e-05,0.00011158396955579519,9,9,7,22,171,1.2928215010954307
disk,8,2,1,186646028,1.5,0.8,2,2,2,1.0,True,4.833308048546314e-05,0.00010987499263137579,7,7,6,24,158,0.982950463583262
disk,8,2,2,399176638,1.5,0.8,2,3,2,1.5,False,4.549999721348286e-05,0.00010504201054573059,7,7,7,26,105,0.9857664757355102
disk,8,2,3,1460099648,1.5,0.8,2,3,2,1.5,False,4.5749940909445286e-05,9.937502909451723e-05,7,7,7,22,68,0.9302110507583474
disk,8,2,4,2100576562,1.5,0.8,2,2,2,1.0,True,4.616705700755119e-05,0.00010916695464402437,6,6,6,24,141,1.2594763578656198
disk,8,2,5,1756382611,1.5,0.8,2,3,2,1.5,False,4.7874986194074154e-05,0.00012429198250174522,7,7,6,23,245,1.4415962714592243
disk,8,2,6,1617636769,1.5,0.8,2,3,2,1.5,False,5.466700531542301e-05,0.00012037507258355618,7,7,6,24,155,1.3874221376266689
disk,8,2,7,926814611,1.5,0.8,2,3,2,1.5,False,5.1875016652047634e-05,0.00012179207988083363,8,8,6,22,182,1.1480941635821356
disk,8,2,8,25308890,1.5,0.8,2,4,2,2.0,False,5.008396692574024e-05,0.00011725001968443394,9,9,7,24,126,1.46009884199975
disk,8,2,9,1159826862,1.5,0.8,2,3,2,1.5,False,5.2916002459824085e-05,0.00011541706044226885,8,8,6,22,112,1.3193925656178045
disk,8,2,10,1002545968,1.5,0.8,2,3,2,1.5,False,5.341705400496721e-05,0.00011358293704688549,9,9,7,20,97,1.3353662575472904
disk,8,2,11,322601951,1.5,0.8,2,2,2,1.0,True,5.2292016334831715e-05,0.00011516700033098459,7,7,6,24,84,1.2234775123045345
disk,8,2,12,66741835,1.5,0.8,2,2,1,2.0,False,5.345791578292847e-05,0.00010629103053361177,6,6,5,26,19,0.7181815605464477
disk,8,2,13,551020235,1.5,0.8,2,2,2,1.0,True,5.083298310637474e-05,0.00011616700794547796,6,6,5,27,119,0.30306174473598335
disk,8,2,14,715529157,1.5,0.8,2,3,2,1.5,False,5.208398215472698e-05,0.00012183305807411671,7,7,5,24,173,0.12812592416388724
disk,8,3,0,136265670,1.5,0.8,3,2,2,1.0,True,5.0042057409882545e-05,0.00011270795948803425,5,5,5,26,82,1.4943986635598951
disk,8,3,1,1865945199,1.5,0.8,3,3,2,1.5,False,4.866695962846279e-05,0.0001194169744849205,7,7,6,25,149,1.4007491565561956
disk,8,3,2,662312579,1.5,0.8,3,2,2,1.0,True,4.6625034883618355e-05,0.0001069589052349329,5,5,4,26,33,1.002574345938126
disk,8,3,3,921587960,1.5,0.8,3,3,2,1.5,False,5.154102109372616e-05,0.00011645897757261992,6,6,5,23,130,1.0335205841883404
disk,8,3,4,1056082988,1.5,0.8,3,2,1,2.0,False,5.2875024266541004e-05,0.00010833307169377804,6,6,6,26,19,0.9146699894124655
disk,8,3,5,1433198084,1.5,0.8,3,4,3,1.3333333333333333,False,5.520903505384922e-05,0.0001847919775173068,8,8,8,23,323,1.4660264015610422
disk,8,3,6,160338858,1.5,0.8,3,4,3,1.3333333333333333,False,5.2332994528114796e-05,0.00017037498764693737,8,8,6,22,581,1.4859350803534024
disk,8,3,7,1879774298,1.5,0.8,3,3,2,1.5,False,5.100003909319639e-05,0.00011575000826269388,6,6,6,26,126,1.2712433935273368
disk,8,3,8,783793413,1.5,0.8,3,3,2,1.5,False,4.837499000132084e-05,0.00010874995496124029,6,6,5,23,72,1.0975507839770156
disk,8,3,9,1783296961,1.5,0.8,3,3,2,1.5,False,4.883308429270983e-05,0.00010704097803682089,7,7,6,24,31,1.105007749443964
disk,8,3,10,491852299,1.5,0.8,3,3,3,1.0,True,4.8749963752925396e-05,0.00019116699695587158,6,6,6,23,791,1.3095386066401369
disk,8,3,11,1743530768,1.5,0.8,3,2,2,1.0,True,5.000003147870302e-05,0.00011641695164144039,7,7,6,23,120,0.9819120569518673
disk,8,3,12,1005945812,1.5,0.8,3,3,3,1.0,True,4.904100205749273e-05,0.00019162509124726057,7,7,6,22,773,1.186648468871607
disk,8,3,13,1559359476,1.5,0.8,3,2,2,1.0,True,4.9458001740276814e-05,0.00011058396194130182,7,7,7,25,56,1.2466329118261432
disk,8,3,14,675736258,1.5,0.8,3,3,2,1.5,False,5.341600626707077e-05,0.00011550006456673145,9,9,6,23,101,1.367273190202593
disk,10,2,0,86436450,1.5,0.8,2,2,1,2.0,False,5.6750024668872356e-05,0.00013329205103218555,6,6,6,34,26,1.4910557360482108
disk,10,2,1,220497966,1.5,0.8,2,3,2,1.5,False,5.554105155169964e-05,0.00015358394011855125,8,8,6,31,257,1.4238313666721278
disk,10,2,2,1312295682,1.5,0.8,2,3,2,1.5,False,5.5875047110021114e-05,0.00014570809435099363,8,8,6,33,171,1.4767721082294354
disk,10,2,3,1125293780,1.5,0.8,2,3,2,1.5,False,5.529192276299e-05,0.00014295801520347595,8,8,8,30,148,1.308468055896692
disk,10,2,4,2134546695,1.5,0.8,2,2,2,1.0,True,5.720905028283596e-05,0.0001420830376446247,7,7,6,32,84,1.3477860261908592
disk,10,2,5,1291729198,1.5,0.8,2,2,2,1.0,True,5.3333002142608166e-05,0.00015295902267098427,6,6,5,32,243,1.1577206974287344
disk,10,2,6,774172053,1.5,0.8,2,3,2,1.5,False,5.070806946605444e-05,0.00014062505215406418,7,7,8,34,169,1.20922228642963
disk,10,2,7,116925450,1.5,0.8,2,2,2,1.0,True,5.070795305073261e-05,0.00015187507960945368,5,5,5,33,201,1.4420665371961003
disk,10,2,8,31821811,1.5,0.8,2,3,2,1.5,False,5.862489342689514e-05,0.00015874998643994331,9,9,8,30,291,1.2581283595956723
disk,10,2,9,339331983,1.5,0.8,2,3,2,1.5,False,5.749997217208147e-05,0.00014320795889943838,8,8,7,31,138,1.2022245290127314
disk,10,2,10,1453780761,1.5,0.8,2,4,2,2.0,False,5.8999983593821526e-05,0.00016649998724460602,9,9,8,29,405,0.9126120725585742
disk,10,2,11,1540864128,1.5,0.8,2,3,2,1.5,False,5.24579081684351e-05,0.0001385000068694353,7,7,6,30,94,1.1239176742336283
disk,10,2,12,712023191,1.5,0.8,2,3,2,1.5,False,5.454104393720627e-05,0.00015249999705702066,8,8,7,31,213,1.2978312296650365
disk,10,2,13,2091079327,1.5,0.8,2,2,2,1.0,True,5.545897874981165e-05,0.00016175000928342342,7,7,7,33,324,1.1995789287998633
disk,10,2,14,1866045341,1.5,0.8,2,3,2,1.5,False,5.779205821454525e-05,0.00014229200314730406,9,9,8,29,168,0.8047134410804959
disk,10,3,0,612227100,1.5,0.8,3,3,2,1.5,False,5.51670091226697e-05,0.0001462079817429185,7,7,6,30,182,1.429618042901416
disk,10,3,1,495882358,1.5,0.8,3,2,2,1.0,True,4.9332971684634686e-05,0.0001330000814050436,6,6,5,31,40,1.4154566867116187
disk,10,3,2,1285616831,1.5,0.8,3,3,2,1.5,False,5.6124990805983543e-05,0.0001717080594971776,8,8,7,31,448,1.1916906573351749
disk,10,3,3,1998388899,1.5,0.8,3,2,2,1.0,True,5.224999040365219e-05,0.00015608395915478468,6,6,6,33,300,1.3021487589244127
disk,10,3,4,483318351,1.5,0.8,3,3,2,1.5,False,5.804200191050768e-05,0.00014245801139622927,8,8,7,32,144,1.4309488947736548
disk,10,3,5,623581130,1.5,0.8,3,3,2,1.5,False,5.562498699873686e-05,0.0001717499690130353,7,7,6,33,449,1.3660948617350035
disk,10,3,6,897194835,1.5,0.8,3,3,3,1.0,True,5.5292039178311825e-05,0.00019237503875046968,8,8,7,30,609,1.2600039459922259
disk,10,3,7,563587862,1.5,0.8,3,3,3,1.0,True,5.1042065024375916e-05,0.000282666995190084,8,8,9,31,1307,1.326376433669824
disk,10,3,8,976665874,1.5,0.8,3,3,2,1.5,False,5.212496034801006e-05,0.0001420410117134452,7,7,8,30,155,1.2526028269102667
disk,10,3,9,1667833625,1.5,0.8,3,4,3,1.3333333333333333,False,5.41249755769968e-05,0.0003375000087544322,8,8,8,32,1751,1.4032324506783034
disk,10,3,10,1190644911,1.5,0.8,3,4,2,2.0,False,5.237502045929432e-05,0.00016058410983532667,8,8,8,33,324,1.2241042285517423
disk,10,3,11,1769274157,1.5,0.8,3,3,3,1.0,True,5.541602149605751e-05,0.00018587498925626278,8,8,7,30,577,1.4349498325796393
disk,10,3,12,1902308802,1.5,0.8,3,4,3,1.3333333333333333,False,5.7292054407298565e-05,0.00017920800019055605,9,9,7,27,487,1.420914220192336
disk,10,3,13,1830984636,1.5,0.8,3,3,2,1.5,False,5.058397073298693e-05,0.0001663330476731062,6,6,7,32,290,0.9205703418628672
disk,10,3,14,1859391657,1.5,0.8,3,2,2,1.0,True,5.579204298555851e-05,0.0001824169885367155,5,5,5,32,457,1.439638580402822
